{
    "baseline_model": {
        "f1_score": 0.7275922671353251,
        "precision": 0.5958549222797928,
        "recall": 0.9341155234657039,
        "demographic_parity_diff": 0.009229874708434421,
        "equalized_odds_diff": 0.00801259759002626
    },
    "fair_model": {
        "f1_score": 0.7237762237762237,
        "precision": 0.5907534246575342,
        "recall": 0.9341155234657039,
        "demographic_parity_diff": 0.008202404848916878,
        "equalized_odds_diff": 0.006887812766253415
    },
    "fairness_improvement": {
        "dp_reduction": 0.0010274698595175435,
        "eo_reduction": 0.0011247848237728453,
        "f1_trade_off": -0.003816043359101351
    },
    "performance_by_gender": {
        "M": {
            "sample_size": 7417,
            "actual_default_rate": 0.08777133611972496,
            "predicted_default_rate": 0.13684778212215182,
            "precision": 0.5990147783251232,
            "recall": 0.9339477726574501,
            "f1_score": 0.7298919567827131
        },
        "F": {
            "sample_size": 5081,
            "actual_default_rate": 0.08994292462113757,
            "predicted_default_rate": 0.1450501869710687,
            "precision": 0.5793758480325645,
            "recall": 0.9343544857768052,
            "f1_score": 0.7152428810720268
        }
    }
}